/* Per avere a che fare con una mole di dati facilmente gestibile, abbiamo deciso di ridurre la quantità di dati inseriti nelle tabelle, 
 rispetto a quanto riportato nella tavola dei volumi, mantenendo comunque le proporzioni descritte tra le tabelle.*/

INSERT INTO `AreaGeografica` (`nome`)
VALUES
  ("Empoli"),
  ("Firenze"),
  ("Pisa");

INSERT INTO `Rischio` (`dataAggiornamento`,`tipologia`)
VALUES
  ("2018-04-25","sismico"),
  ("2014-10-11","idrologico"),
  ("2013-11-19","idrologico"),
  ("2012-09-12","sismico"),
  ("2013-11-12","sismico"),
  ("2010-08-15","sismico"),
  ("2021-01-29","sismico"),
  ("2018-07-16","idrologico"),
  ("2014-06-14","idrologico");
  
INSERT INTO `Sicurezza` (`nomeAreaGeografica`,`dataAggiornamentoRischio`,`tipologiaRischio`,`coefficienteDiRischio`)
VALUES  
  ("Empoli","2018-04-25","sismico",1),
  ("Empoli","2014-10-11","idrologico",3),
  ("Empoli","2013-11-19","idrologico",2),
  ("Firenze","2012-09-12","sismico",5),
  ("Firenze","2013-11-12","sismico",4),
  ("Firenze","2010-08-15","sismico",2),
  ("Pisa","2021-01-29","sismico",1),
  ("Pisa","2018-07-16","idrologico",4),
  ("Pisa","2014-06-14","idrologico",3);

INSERT INTO `Edificio` (`codice`,`tipologia`,`topologia`,`nomeAreaGeografica`)
VALUES
  (1,"condominio","rettangolare","Empoli"),
  (2,"casa","rettangolare","Empoli"),
  (3,"negozio","rettangolare","Empoli"),
  (4,"condominio","rettangolare","Firenze"),
  (5,"casa","quadrata","Firenze"),
  (6,"condominio","quadrata","Pisa"),
  (7,"condominio","circolare","Pisa"),
  (8,"negozio","circolare","Firenze"),
  (9,"negozio","rettangolare","Pisa");
  
INSERT INTO `Piano` (`codice`,`pianta`,`codiceEdificio`)
VALUES
  (1,"rettangolare",1),
  (2,"rettangolare",1),
  (3,"rettangolare",1),
  (4,"rettangolare",2),
  (5,"rettangolare",3),
  (6,"rettangolare",4),
  (7,"rettangolare",4),
  (8,"rettangolare",4),
  (9,"quadrata",5),
  (10,"quadrata",6),
  (11,"quadrata",6),
  (12,"circolare",7),
  (13,"circolare",7),
  (14,"circolare",8),
  (15,"rettangolare",9); 
  
INSERT INTO `Mansarda` (`altezzaMinima`,`altezzaMedia`)
VALUES
	(240,260),
    (244,255),
    (245,270),
    (250,272); 
    
INSERT INTO `Vano` (`codice`,`codicePiano`,`altezzaMinimaMansarda`,`altezzaMediaMansarda`,`altezza`,`larghezza`,`lunghezza`)
VALUES
  (1,6,NULL,NULL,320,302,287),
  (2,1,NULL,NULL,334,397,300),
  (3,8,NULL,NULL,318,287,186),
  (4,6,NULL,NULL,360,262,193),
  (5,6,240,260,271,393,245),
  (6,6,NULL,NULL,343,349,381),
  (7,11,NULL,NULL,392,229,157),
  (8,8,NULL,NULL,364,228,155),
  (9,13,NULL,NULL,277,278,270),
  (10,3,NULL,NULL,285,181,174),
  (11,10,NULL,NULL,365,298,300),
  (12,2,NULL,NULL,352,232,172),
  (13,5,NULL,NULL,297,168,209),
  (14,7,244,255,249,319,294),
  (15,12,NULL,NULL,263,280,196),
  (16,14,NULL,NULL,310,223,366),
  (17,2,NULL,NULL,274,341,155),
  (18,9,245,270,346,262,286),
  (19,14,NULL,NULL,361,274,150),
  (20,8,NULL,NULL,288,343,185),
  (21,7,NULL,NULL,358,239,269),
  (22,7,NULL,NULL,387,397,223),
  (23,13,NULL,NULL,319,317,209),
  (24,12,NULL,NULL,294,379,362),
  (25,3,NULL,NULL,398,211,182),
  (26,9,NULL,NULL,350,215,196),
  (27,10,NULL,NULL,264,353,258),
  (28,6,NULL,NULL,319,241,152),
  (29,13,NULL,NULL,261,354,156),
  (30,14,NULL,NULL,335,229,262),
  (31,6,NULL,NULL,290,217,360),
  (32,8,NULL,NULL,303,373,368),
  (33,1,NULL,NULL,241,239,165),
  (34,11,NULL,NULL,383,178,371),
  (35,2,NULL,NULL,363,359,181),
  (36,11,NULL,NULL,310,311,326),
  (37,4,250,272,399,316,216),
  (38,7,NULL,NULL,372,181,191),
  (39,11,NULL,NULL,249,181,373),
  (40,12,NULL,NULL,261,356,312),
  (41,10,NULL,NULL,265,241,232),
  (42,8,NULL,NULL,336,336,311),
  (43,2,NULL,NULL,328,320,290),
  (44,1,NULL,NULL,340,221,305),
  (45,9,NULL,NULL,309,225,166),
  (46,11,NULL,NULL,364,165,282),
  (47,2,NULL,NULL,285,258,319),
  (48,10,NULL,NULL,255,205,208),
  (49,2,NULL,NULL,244,340,247),
  (50,3,NULL,NULL,365,168,161),
  (51,7,NULL,NULL,250,352,388),
  (52,2,NULL,NULL,276,379,169),
  (53,12,NULL,NULL,295,166,324),
  (54,12,NULL,NULL,329,249,313),
  (55,7,NULL,NULL,367,187,364),
  (56,13,NULL,NULL,353,310,186),
  (57,10,NULL,NULL,324,254,204),
  (58,4,NULL,NULL,392,296,177),
  (59,6,NULL,NULL,365,294,164),
  (60,7,NULL,NULL,255,390,395);   
  
INSERT INTO `Funzionalita` (`nome`)
VALUES
	("cucina"),
    ("salotto"),
    ("bagno"),
    ("camera"),
    ("ripostiglio"),
    ("mansarda"),
    ("negozio"),
    ("magazzino"); 
  
INSERT INTO `Impiego` (`codiceVano`, `nomeFunzionalita`)
VALUES
  (1,"bagno"),
  (2,"cucina"),
  (3,"negozio"),
  (4,"magazzino"),
  (5,"mansarda"),
  (6,"bagno"),
  (7,"ripostiglio"),
  (8,"camera"),
  (9,"magazzino"),
  (10,"bagno"),
  (11,"negozio"),
  (12,"magazzino"),
  (13,"magazzino"),
  (14,"mansarda"),
  (15,"negozio"),
  (16,"magazzino"),
  (17,"camera"),
  (18,"mansarda"),
  (19,"cucina"),
  (20,"magazzino"),
  (21,"magazzino"),
  (22,"negozio"),
  (23,"bagno"),
  (24,"camera"),
  (25,"bagno"),
  (26,"bagno"),
  (27,"negozio"),
  (28,"salotto"),
  (29,"camera"),
  (30,"bagno"),
  (31,"salotto"),
  (32,"negozio"),
  (33,"camera"),
  (34,"negozio"),
  (35,"negozio"),
  (36,"cucina"),
  (37,"mansarda"),
  (38,"cucina"),
  (39,"camera"),
  (40,"camera"),
  (41,"ripostiglio"),
  (42,"magazzino"),
  (43,"salotto"),
  (44,"ripostiglio"),
  (45,"magazzino"),
  (46,"ripostiglio"),
  (47,"negozio"),
  (48,"ripostiglio"),
  (49,"negozio"),
  (50,"ripostiglio"),
  (51,"salotto"),
  (52,"magazzino"),
  (53,"ripostiglio"),
  (54,"magazzino"),
  (55,"magazzino"),
  (56,"bagno"),
  (57,"magazzino"),
  (58,"bagno"),
  (59,"camera"),
  (60,"ripostiglio");

INSERT INTO `Esterno` (`tipologia`)
VALUES
	("giardino"),
    ("terrazzo");
 
INSERT INTO `PuntoDiAccesso` (`codice`,`ubicazione`,`tipologia`,`altezza`,`larghezza`,`tipologiaEsterno`)
VALUES
  (1,"S","finestra",134,105,"giardino"),
  (2,"N","arco",121,108,"giardino"),
  (3,"W","portafinestra",179,108,NULL),
  (4,"SE","porta",175,143,"giardino"),
  (5,"N","porta",133,133,"terrazzo"),
  (6,"N","finestra",192,137,"giardino"),
  (7,"NE","porta",148,116,NULL),
  (8,"N","arco",156,138,NULL),
  (9,"NE","portafinestra",193,112,NULL),
  (10,"SW","porta",143,147,NULL),
  (11,"SW","porta",185,111,NULL),
  (12,"E","arco",190,102,NULL),
  (13,"NE","arco",151,117,"terrazzo"),
  (14,"N","portafinestra",188,112,"terrazzo"),
  (15,"NW","finestra",165,141,NULL),
  (16,"SW","porta",171,142,NULL),
  (17,"S","porta",198,110,NULL),
  (18,"W","portafinestra",161,115,NULL),
  (19,"S","portafinestra",138,140,NULL),
  (20,"NW","porta",126,104,"giardino"),
  (21,"SW","portafinestra",148,117,NULL),
  (22,"NE","arco",151,109,NULL),
  (23,"W","porta",193,115,NULL),
  (24,"NE","portafinestra",181,136,NULL),
  (25,"SE","porta",186,119,NULL),
  (26,"NW","portafinestra",148,101,NULL),
  (27,"SE","porta",164,113,"terrazzo"),
  (28,"NW","arco",192,114,"terrazzo"),
  (29,"NW","portafinestra",188,106,NULL),
  (30,"NE","finestra",157,148,NULL),
  (31,"S","arco",166,106,NULL),
  (32,"SW","porta",190,115,NULL),
  (33,"NW","finestra",182,123,NULL),
  (34,"NW","finestra",162,124,NULL),
  (35,"S","porta",146,122,NULL),
  (36,"E","portafinestra",150,112,NULL),
  (37,"NE","arco",151,118,"giardino"),
  (38,"N","arco",159,132,NULL),
  (39,"S","portafinestra",156,136,NULL),
  (40,"SW","finestra",152,103,NULL),
  (41,"N","arco",146,101,"giardino"),
  (42,"NW","finestra",130,144,NULL),
  (43,"SW","arco",179,105,NULL),
  (44,"SW","portafinestra",130,121,"terrazzo"),
  (45,"SE","portafinestra",120,108,NULL),
  (46,"NW","finestra",185,101,NULL),
  (47,"S","arco",158,148,NULL),
  (48,"W","arco",143,110,"terrazzo"),
  (49,"SW","portafinestra",130,109,NULL),
  (50,"NW","portafinestra",158,130,"giardino"),
  (51,"SW","portafinestra",122,136,"terrazzo"),
  (52,"NE","portafinestra",188,148,"terrazzo"),
  (53,"W","finestra",171,105,"giardino"),
  (54,"E","arco",138,114,NULL),
  (55,"SW","finestra",197,136,NULL),
  (56,"N","arco",165,132,NULL),
  (57,"N","porta",179,129,NULL),
  (58,"E","arco",149,150,NULL),
  (59,"E","arco",154,145,"giardino"),
  (60,"W","portafinestra",173,114,NULL),
  (61,"NW","finestra",129,137,NULL),
  (62,"SW","arco",179,132,NULL),
  (63,"NE","porta",142,111,NULL),
  (64,"NW","porta",185,121,NULL),
  (65,"NE","arco",182,100,NULL),
  (66,"W","portafinestra",171,141,NULL),
  (67,"W","arco",128,134,"giardino"),
  (68,"NW","arco",156,116,"giardino"),
  (69,"W","arco",145,104,NULL),
  (70,"W","porta",160,129,"giardino"),
  (71,"SE","porta",154,122,"terrazzo"),
  (72,"N","finestra",184,121,NULL),
  (73,"NW","portafinestra",121,125,NULL),
  (74,"NE","finestra",130,147,NULL),
  (75,"NW","portafinestra",187,106,NULL),
  (76,"N","portafinestra",151,107,NULL),
  (77,"S","arco",192,107,"terrazzo"),
  (78,"E","finestra",134,106,NULL),
  (79,"SE","finestra",149,116,"giardino"),
  (80,"W","arco",180,104,"giardino");    
 
 
INSERT INTO `Collegamento` (`codiceVano`,`codicePuntoDiAccesso`)
VALUES
  (58,50),
  (19,64),
  (45,1),
  (41,52),
  (8,55),
  (2,53),
  (52,31),
  (15,17),
  (39,16),
  (14,48),
  (47,50),
  (58,48),
  (52,26),
  (15,58),
  (52,4),
  (40,29),
  (52,60),
  (49,79),
  (42,32),
  (30,21),
  (32,9),
  (19,13),
  (30,56),
  (59,78),
  (53,9),
  (49,69),
  (13,11),
  (14,64),
  (16,41),
  (55,52),
  (51,75),
  (36,60),
  (12,6),
  (45,20),
  (4,18),
  (54,71),
  (17,58),
  (30,78),
  (31,54),
  (9,23),
  (15,18),
  (45,36),
  (32,4),
  (31,78),
  (13,4),
  (46,76),
  (34,30),
  (33,25),
  (8,14),
  (17,69),
  (43,9),
  (26,75),
  (27,80),
  (38,25),
  (57,11),
  (59,37),
  (36,74),
  (36,23),
  (4,55),
  (35,79),
  (47,20),
  (54,56),
  (9,33),
  (36,44),
  (49,6),
  (23,37),
  (50,47),
  (7,65),
  (58,8),
  (7,46),
  (3,9),
  (21,34),
  (13,37),
  (49,50),
  (28,4),
  (35,56),
  (8,9),
  (3,43),
  (56,69),
  (2,63),
  (27,56),
  (44,76),
  (28,52),
  (4,30),
  (27,76),
  (6,58),
  (54,15),
  (32,68),
  (1,75),
  (13,58),
  (41,25),
  (11,14),
  (26,44),
  (57,22),
  (47,14),
  (17,14),
  (42,22),
  (24,26),
  (55,11),
  (35,71);
  
INSERT INTO `Elemento` (`codice`,`tipologia`,`ubicazione`)
VALUES
  (1,"soffitto","NULL"),
  (2,"pavimento","NULL"),
  (3,"pavimento","NULL"),
  (4,"soffitto","NULL"),
  (5,"parete","E"),
  (6,"parete","E"),
  (7,"soffitto","NULL"),
  (8,"parete","SE"),
  (9,"parete","E"),
  (10,"parete","W"),
  (11,"soffitto","NULL"),
  (12,"pavimento","NULL"),
  (13,"soffitto","NULL"),
  (14,"soffitto","NULL"),
  (15,"parete","E"),
  (16,"parete","N"),
  (17,"pavimento","NULL"),
  (18,"parete","N"),
  (19,"parete","N"),
  (20,"pavimento","NULL"),
  (21,"parete","E"),
  (22,"soffitto","NULL"),
  (23,"parete","W"),
  (24,"parete","NW"),
  (25,"soffitto","NULL"),
  (26,"parete","W"),
  (27,"pavimento","NULL"),
  (28,"soffitto","NULL"),
  (29,"parete","NE"),
  (30,"parete","S"),
  (31,"parete","NE"),
  (32,"pavimento","NULL"),
  (33,"parete","NW"),
  (34,"pavimento","NULL"),
  (35,"parete","N"),
  (36,"pavimento","NULL"),
  (37,"parete","E"),
  (38,"parete","E"),
  (39,"parete","N"),
  (40,"pavimento","NULL"),
  (41,"soffitto","NULL"),
  (42,"soffitto","NULL"),
  (43,"pavimento","NULL"),
  (44,"parete","N"),
  (45,"parete","E"),
  (46,"pavimento","NULL"),
  (47,"pavimento","NULL"),
  (48,"soffitto","NULL"),
  (49,"soffitto","NULL"),
  (50,"parete","NE"),
  (51,"parete","N"),
  (52,"pavimento","NULL"),
  (53,"soffitto","NULL"),
  (54,"parete","SE"),
  (55,"parete","SW"),
  (56,"parete","E"),
  (57,"soffitto","NULL"),
  (58,"parete","N"),
  (59,"pavimento","NW"),
  (60,"parete","SW"),
  (61,"pavimento","NULL"),
  (62,"parete","W"),
  (63,"parete","W"),
  (64,"soffitto","NULL"),
  (65,"parete","E"),
  (66,"parete","W"),
  (67,"parete","S"),
  (68,"pavimento","NULL"),
  (69,"parete","W"),
  (70,"soffitto","NULL"),
  (71,"parete","SW"),
  (72,"pavimento","NULL"),
  (73,"parete","NE"),
  (74,"soffitto","NULL"),
  (75,"parete","S"),
  (76,"parete","E"),
  (77,"soffitto","SE"),
  (78,"parete","N"),
  (79,"soffitto","NW"),
  (80,"parete","SE"),
  (81,"parete","SE"),
  (82,"parete","W"),
  (83,"soffitto","NULL"),
  (84,"pavimento","NULL"),
  (85,"pavimento","NULL"),
  (86,"parete","SW"),
  (87,"parete","NE"),
  (88,"parete","E"),
  (89,"parete","NW"),
  (90,"parete","SE"),
  (91,"pavimento","NULL"),
  (92,"soffitto","NULL"),
  (93,"pavimento","NULL"),
  (94,"soffitto","NULL"),
  (95,"parete","SE"),
  (96,"parete","NW"),
  (97,"parete","N"),
  (98,"pavimento","NULL"),
  (99,"parete","NULL"),
  (100,"parete","NE"),
  (101,"parete","SE"),
  (102,"parete","N"),
  (103,"soffitto","NULL"),
  (104,"parete","W"),
  (105,"pavimento","NULL"),
  (106,"parete","N"),
  (107,"parete","N"),
  (108,"parete","N"),
  (109,"parete","E"),
  (110,"parete","E"),
  (111,"soffitto","NULL"),
  (112,"parete","SW"),
  (113,"pavimento","NULL"),
  (114,"parete","SW"),
  (115,"parete","N"),
  (116,"parete","E"),
  (117,"parete","W"),
  (118,"parete","W"),
  (119,"parete","S"),
  (120,"soffitto","NULL"),
  (121,"pavimento","NULL"),
  (122,"parete","NW"),
  (123,"parete","N"),
  (124,"parete","N"),
  (125,"parete","W"),
  (126,"soffitto","NULL"),
  (127,"pavimento","NULL"),
  (128,"parete","N"),
  (129,"parete","SW"),
  (130,"parete","S"),
  (131,"parete","NW"),
  (132,"soffitto","NULL"),
  (133,"parete","SE"),
  (134,"parete","S"),
  (135,"parete","NE"),
  (136,"pavimento","NULL"),
  (137,"parete","SE"),
  (138,"soffitto","NULL"),
  (139,"soffitto","S"),
  (140,"parete","NW"),
  (141,"parete","NW"),
  (142,"parete","NW"),
  (143,"parete","N"),
  (144,"parete","E"),
  (145,"parete","W"),
  (146,"parete","W"),
  (147,"parete","N"),
  (148,"parete","SW"),
  (149,"parete","E"),
  (150,"parete","E"),
  (151,"parete","S"),
  (152,"pavimento","NULL"),
  (153,"soffitto","NULL"),
  (154,"pavimento","NULL"),
  (155,"parete","N"),
  (156,"parete","E"),
  (157,"soffitto","NULL"),
  (158,"parete","W"),
  (159,"parete","E"),
  (160,"parete","NW"),
  (161,"parete","N"),
  (162,"parete","E"),
  (163,"parete","S"),
  (164,"parete","NW"),
  (165,"parete","E"),
  (166,"parete","N"),
  (167,"parete","NE"),
  (168,"soffitto","NULL"),
  (169,"pavimento","NULL"),
  (170,"parete","W"),
  (171,"parete","SW"),
  (172,"parete","NE"),
  (173,"parete","N"),
  (174,"soffitto","NULL"),
  (175,"parete","W"),
  (176,"parete","S"),
  (177,"parete","SW"),
  (178,"parete","SE"),
  (179,"pavimento","NULL"),
  (180,"parete","NW"),
  (181,"parete","NE"),
  (182,"pavimento","NULL"),
  (183,"parete","W"),
  (184,"parete","S"),
  (185,"parete","W"),
  (186,"soffitto","NULL"),
  (187,"parete","NW"),
  (188,"parete","W"),
  (189,"parete","SW"),
  (190,"parete","SE"),
  (191,"parete","NE"),
  (192,"soffitto","NULL"),
  (193,"parete","N"),
  (194,"parete","S"),
  (195,"parete","S"),
  (196,"pavimento","NULL"),
  (197,"soffitto","NULL"),
  (198,"parete","E"),
  (199,"parete","S"),
  (200,"parete","S"),
  (201,"parete","E"),
  (202,"parete","SE"),
  (203,"pavimento","NULL"),
  (204,"soffitto","NULL"),
  (205,"parete","E"),
  (206,"parete","W"),
  (207,"parete","S"),
  (208,"parete","E"),
  (209,"parete","NE"),
  (210,"parete","S"),
  (211,"pavimento","NULL"),
  (212,"soffitto","NULL"),
  (213,"parete","S"),
  (214,"parete","NW"),
  (215,"parete","E"),
  (216,"parete","NE"),
  (217,"parete","NW"),
  (218,"parete","SW"),
  (219,"parete","NE"),
  (220,"parete","NE"),
  (221,"parete","S"),
  (222,"pavimento","NULL"),
  (223,"soffitto","NULL"),
  (224,"parete","W"),
  (225,"parete","E"),
  (226,"parete","NW"),
  (227,"parete","SE"),
  (228,"parete","N"),
  (229,"parete","NW"),
  (230,"soffitto","NULL"),
  (231,"pavimento","NULL"),
  (232,"parete","NW"),
  (233,"parete","SW"),
  (234,"parete","W"),
  (235,"parete","E"),
  (236,"parete","W"),
  (237,"pavimento","NULL"),
  (238,"pavimento","NULL"),
  (239,"soffitto","NULL"),
  (240,"soffitto","NULL"),
  (241,"parete","W"),
  (242,"parete","SW"),
  (243,"parete","NE"),
  (244,"parete","N"),
  (245,"parete","SW"),
  (246,"parete","E"),
  (247,"parete","N"),
  (248,"parete","NW"),
  (249,"parete","NE"),
  (250,"parete","NW"),
  (251,"parete","NW"),
  (252,"parete","NE"),
  (253,"parete","S"),
  (254,"parete","SE"),
  (255,"parete","NE"),
  (256,"parete","E"),
  (257,"parete","S"),
  (258,"parete","NW"),
  (259,"parete","NW"),
  (260,"parete","S"),
  (261,"parete","W"),
  (262,"parete","SW"),
  (263,"parete","S"),
  (264,"parete","SE"),
  (265,"parete","NE"),
  (266,"parete","SW"),
  (267,"parete","N"),
  (268,"parete","W"),
  (269,"parete","S"),
  (270,"parete","S");
  
INSERT INTO `Strutturazione` (`codiceVano`,`codiceElemento`)
VALUES
  (59,230),
  (56,168),
  (35,178),
  (51,95),
  (29,170),
  (30,54),
  (15,145),
  (33,173),
  (35,191),
  (37,138),
  (38,232),
  (4,7),
  (24,178),
  (2,110),
  (5,78),
  (2,39),
  (29,105),
  (8,211),
  (53,256),
  (36,237),
  (36,182),
  (56,33),
  (30,51),
  (36,164),
  (48,185),
  (10,43),
  (41,185),
  (12,252),
  (19,43),
  (55,214),
  (15,36),
  (9,171),
  (16,195),
  (52,85),
  (1,223),
  (22,71),
  (46,172),
  (37,119),
  (50,86),
  (21,230),
  (21,138),
  (40,192),
  (21,33),
  (36,28),
  (47,67),
  (10,127),
  (39,193),
  (47,64),
  (15,228),
  (47,93),
  (28,90),
  (12,10),
  (1,35),
  (31,34),
  (33,252),
  (18,86),
  (31,248),
  (18,35),
  (29,115),
  (58,241),
  (46,150),
  (12,118),
  (2,209),
  (1,162),
  (15,189),
  (23,3),
  (20,29),
  (35,176),
  (12,80),
  (31,33),
  (54,213),
  (31,180),
  (32,177),
  (24,179),
  (3,115),
  (59,261),
  (31,177),
  (14,37),
  (30,13),
  (11,75),
  (23,246),
  (49,81),
  (35,189),
  (37,196),
  (6,96),
  (41,180),
  (57,174),
  (28,27),
  (47,220),
  (23,76),
  (28,2),
  (57,255),
  (15,243),
  (58,25),
  (24,73),
  (8,89),
  (48,239),
  (27,55),
  (20,45),
  (39,112),
  (53,36),
  (56,76),
  (8,165),
  (50,19),
  (41,106),
  (50,35),
  (4,165),
  (12,188),
  (49,122),
  (46,145),
  (52,101),
  (28,37),
  (34,259),
  (37,155),
  (49,25),
  (1,219),
  (47,269),
  (20,146),
  (17,105),
  (42,241),
  (43,79),
  (8,103),
  (37,151),
  (49,8),
  (50,239),
  (14,46),
  (56,102),
  (17,171),
  (39,143),
  (10,122),
  (8,96),
  (37,209),
  (5,235),
  (52,165),
  (2,113),
  (22,225),
  (19,66),
  (48,101),
  (9,122),
  (53,206),
  (15,217),
  (34,50),
  (56,254),
  (13,155),
  (19,135),
  (21,64),
  (16,10),
  (58,91),
  (52,11),
  (56,232),
  (48,173),
  (46,64),
  (3,211),
  (36,44),
  (53,233),
  (50,56),
  (29,56),
  (10,2),
  (8,193),
  (12,186),
  (7,44),
  (28,232),
  (15,101),
  (37,169),
  (6,18),
  (19,11),
  (45,107),
  (39,71),
  (22,228),
  (46,143),
  (57,126),
  (41,181),
  (56,249),
  (29,11),
  (8,166),
  (5,4),
  (34,266),
  (39,18),
  (13,60),
  (47,94),
  (7,121),
  (37,225),
  (26,12),
  (19,186),
  (27,269),
  (30,34),
  (41,259),
  (16,229),
  (39,201),
  (48,198),
  (31,254),
  (42,61),
  (51,240),
  (18,239),
  (22,165),
  (51,80),
  (47,257),
  (56,40),
  (12,43),
  (7,224),
  (46,103),
  (49,76),
  (8,233),
  (22,89),
  (14,75),
  (40,81),
  (45,88),
  (39,244),
  (7,125),
  (27,68),
  (44,152),
  (2,261),
  (17,270),
  (33,126),
  (46,93),
  (41,89),
  (42,169),
  (55,183),
  (34,253),
  (50,81),
  (12,235),
  (52,223),
  (8,246),
  (34,99),
  (54,256),
  (38,112),
  (9,43),
  (57,167),
  (3,207),
  (36,232),
  (47,131),
  (9,97),
  (42,234),
  (2,16),
  (53,78),
  (46,251),
  (30,247),
  (13,171),
  (36,244),
  (10,182),
  (53,6),
  (20,74),
  (11,55),
  (42,73),
  (21,153),
  (42,55),
  (25,264),
  (2,107),
  (36,78),
  (38,96),
  (6,121),
  (6,259),
  (46,48),
  (51,241),
  (58,28),
  (34,150),
  (9,144),
  (9,3),
  (17,192),
  (18,41),
  (43,114),
  (4,194),
  (39,108),
  (20,233),
  (1,69),
  (24,145),
  (12,15),
  (22,168),
  (3,117),
  (36,87),
  (44,28),
  (15,113),
  (58,136),
  (8,208),
  (32,11),
  (59,114),
  (6,6),
  (10,172),
  (24,105),
  (53,260),
  (40,5),
  (36,113),
  (52,203),
  (24,131),
  (25,60),
  (46,236),
  (43,12),
  (40,123),
  (14,267),
  (42,69),
  (38,14),
  (59,245),
  (4,168),
  (35,235),
  (17,107),
  (20,208),
  (22,25),
  (23,263),
  (40,45),
  (5,210),
  (59,122),
  (32,264),
  (28,135),
  (50,79),
  (5,221),
  (6,236),
  (39,156),
  (49,134),
  (49,44),
  (13,112),
  (14,26),
  (16,166),
  (18,262),
  (3,56),
  (54,41),
  (21,222),
  (48,29),
  (38,3),
  (15,252),
  (36,229),
  (54,243),
  (31,222),
  (7,24),
  (2,74),
  (6,1),
  (27,248),
  (52,129),
  (29,91),
  (58,217),
  (39,159),
  (6,43),
  (27,5),
  (25,11),
  (31,97),
  (36,45),
  (27,174),
  (16,12),
  (38,12),
  (13,23),
  (56,234),
  (13,88),
  (53,238),
  (24,184),
  (10,200),
  (50,67),
  (50,83),
  (26,157),
  (44,234),
  (23,31),
  (40,74),
  (14,155),
  (54,156),
  (8,47),
  (20,143),
  (48,73),
  (56,138),
  (44,42),
  (35,52),
  (19,136),
  (41,149);
  
INSERT INTO `ProgettoEdilizio` (`codice`,`dataPresentazione`,`dataInizio`,`dataFine`,`tipologia`,`codiceEdificio`)
VALUES
  (1,"2019-12-27","2020-02-05","2021-04-18","costruzione",2),
  (2,"2021-03-10","2022-02-12","2022-08-07","costruzione",9),
  (3,"2018-07-06","2019-04-15","2019-07-01","costruzione",6),
  (4,"2019-11-09","2020-05-19","2020-12-06","costruzione",5),
  (5,"2021-05-27","2021-10-12","2022-10-07","costruzione",1),
  (6,"2020-01-07","2021-11-06","2022-04-01","costruzione",3),
  (7,"2018-02-07","2018-08-03","2019-06-12","costruzione",8),
  (8,"2020-08-10","2020-08-17","2020-12-22","costruzione",7),
  (9,"2022-04-10","2022-05-05","2023-08-01","ristrutturazione",7),
  (10,"2019-12-18","2020-02-13","2020-03-02","ristrutturazione",8),
  (11,"2019-02-23","2019-05-09","2020-03-13","costruzione",4),
  (12,"2021-12-08","2022-03-25","2022-04-13","ristrutturazione",6);
  
INSERT INTO `Lavoro` (`tipologia`,`costoManodopera`)
VALUES
	("scavo",5000),
    ("fondamenta",20000),
    ("costruzione di strutture verticali",50000),
    ("copertura",50000),
    ("costruzione di impianti",20000),
    ("opere di finitura",10000),
    ("rifacimento dell'intonaco",2000),
    ("manutenzione di impianti",1000),
    ("riparazione",5000),
    ("demolizione",1000),
    ("rifacimento di pavimentazione",3000);
    
INSERT INTO `Composizione` (`codiceProgettoEdilizio`,`tipologiaLavoro`)
VALUES
	(1,"scavo"),
    (1,"fondamenta"),
    (1,"costruzione di strutture verticali"),
    (1,"copertura"),
    (1,"costruzione di impianti"),
    (1,"opere di finitura"),
    (2,"scavo"),
    (2,"fondamenta"),
    (2,"costruzione di strutture verticali"),
    (2,"copertura"),
    (2,"costruzione di impianti"),
    (2,"opere di finitura"),
    (3,"scavo"),
    (3,"fondamenta"),
    (3,"costruzione di strutture verticali"),
    (3,"copertura"),
    (3,"costruzione di impianti"),
    (3,"opere di finitura"),
    (4,"scavo"),
    (4,"fondamenta"),
    (4,"costruzione di strutture verticali"),
    (4,"copertura"),
    (4,"costruzione di impianti"),
    (4,"opere di finitura"),
    (5,"scavo"),
    (5,"fondamenta"),
    (5,"costruzione di strutture verticali"),
    (5,"copertura"),
    (5,"costruzione di impianti"),
    (5,"opere di finitura"),
    (6,"scavo"),
    (6,"fondamenta"),
    (6,"costruzione di strutture verticali"),
    (6,"copertura"),
    (6,"costruzione di impianti"),
    (6,"opere di finitura"),
    (7,"scavo"),
    (7,"fondamenta"),
    (7,"costruzione di strutture verticali"),
    (7,"copertura"),
    (7,"costruzione di impianti"),
    (7,"opere di finitura"),
    (8,"scavo"),
    (8,"fondamenta"),
    (8,"costruzione di strutture verticali"),
    (8,"copertura"),
    (8,"costruzione di impianti"),
    (8,"opere di finitura"),
    (11,"scavo"),
    (11,"fondamenta"),
    (11,"costruzione di strutture verticali"),
    (11,"copertura"),
    (11,"costruzione di impianti"),
    (11,"opere di finitura"),
    (9,"rifacimento di pavimentazione"),
    (10,"manutenzione di impianti"),
    (12,"rifacimento dell'intonaco");
    
    
INSERT INTO `Costo` (`tipologia`)
VALUES    
	("Kg"),
    ("m^2");   
    
    
INSERT INTO `Materiale` (`codiceLotto`,`nome`,`nomeFornitore`,`dataAcquisto`,`prezzo`,`tipologiaCosto`)
VALUES
  (1,"mattoni","Farma Grossi","2020-02-04",132,"Kg"),
  (2,"vetro","In-grosso Stile","2019-10-31",30,"Kg"),
  (3,"intonaco","Farma Grossi","2020-03-18",98,"Kg"),
  (4,"cemento","Farma Grossi","2020-03-08",82,"Kg"),
  (5,"intonaco","Fornindustria","2021-12-16",114,"Kg"),
  (6,"piastrelle","Farma Grossi","2021-10-04",33,"Kg"),
  (7,"marmo","Fornitour","2019-01-01",86,"m^2"),
  (8,"intonaco","In-grosso Stile","2019-07-26",121,"Kg"),
  (9,"marmo","In-grosso Stile","2021-10-29",37,"m^2"),
  (10,"marmo","Farma Grossi","2022-09-28",40,"m^2"),
  (11,"piastrelle","Fornitour","2022-05-12",27,"m^2"),
  (12,"intonaco","Fornitour","2021-11-27",170,"Kg"),
  (13,"legno","In-grosso Stile","2022-08-19",182,"Kg"),
  (14,"pietre","Farma Grossi","2022-10-20",24,"Kg"),
  (15,"pietre","Farma Grossi","2022-10-07",35,"Kg"),
  (16,"cemento","Fornitour","2019-08-25",100,"Kg"),
  (17,"legno","In-grosso Stile","2020-02-08",158,"Kg"),
  (18,"stucco","Fornindustria","2022-05-21",191,"Kg"),
  (19,"cemento","Farma Grossi","2020-11-30",67,"Kg"),
  (20,"marmo","In-grosso Stile","2022-11-23",115,"Kg"),
  (21,"stucco","Farma Grossi","2022-01-25",52,"Kg"),
  (22,"legno","Fornindustria","2020-05-21",12,"Kg"),
  (23,"legno","Farma Grossi","2020-11-02",185,"m^2"),
  (24,"vetro","In-grosso Stile","2022-05-09",107,"m^2"),
  (25,"intonaco","Fornindustria","2022-07-23",99,"m^2"),
  (26,"mattoni","Fornindustria","2022-01-12",90,"Kg"),
  (27,"pietre","In-grosso Stile","2022-07-06",135,"m^2"),
  (28,"intonaco","Fornindustria","2022-09-05",41,"Kg"),
  (29,"stucco","In-grosso Stile","2022-02-23",68,"Kg"),
  (30,"vetro","Fornitour","2021-09-25",56,"Kg"),
  (31,"vetro","Farma Grossi","2022-06-13",177,"m^2"),
  (32,"stucco","Fornindustria","2020-06-15",103,"Kg"),
  (33,"vetro","Farma Grossi","2019-03-04",170,"Kg"),
  (34,"pietre","Fornindustria","2021-06-13",98,"Kg"),
  (35,"legno","In-grosso Stile","2021-11-06",115,"Kg"),
  (36,"marmo","In-grosso Stile","2022-12-22",95,"m^2"),
  (37,"mattoni","Fornitour","2021-12-15",23,"Kg"),
  (38,"piastrelle","In-grosso Stile","2022-05-14",40,"Kg"),
  (39,"mattoni","In-grosso Stile","2021-05-08",104,"Kg"),
  (40,"vetro","Farma Grossi","2022-02-15",108,"m^2"),
  (41,"legno","Fornindustria","2021-06-08",186,"Kg"),
  (42,"pietre","In-grosso Stile","2021-10-05",13,"m^2"),
  (43,"stucco","Fornitour","2020-02-24",58,"Kg"),
  (44,"marmo","Fornitour","2020-04-07",46,"Kg"),
  (45,"stucco","Farma Grossi","2022-09-14",152,"Kg"),
  (46,"cemento","Farma Grossi","2020-03-02",105,"Kg"),
  (47,"vetro","Farma Grossi","2021-12-10",60,"m^2"),
  (48,"legno","Farma Grossi","2021-05-02",198,"Kg"),
  (49,"mattoni","In-grosso Stile","2022-05-07",40,"m^2"),
  (50,"marmo","In-grosso Stile","2022-01-19",197,"Kg"),
  (51,"stucco","Fornindustria","2020-05-16",147,"Kg"),
  (52,"stucco","Farma Grossi","2022-12-11",57,"Kg"),
  (53,"piastrelle","Fornindustria","2022-03-06",115,"m^2"),
  (54,"mattoni","In-grosso Stile","2019-01-08",164,"m^2"),
  (55,"mattoni","In-grosso Stile","2019-02-13",174,"Kg"),
  (56,"piastrelle","In-grosso Stile","2020-12-01",135,"m^2"),
  (57,"vetro","In-grosso Stile","2021-01-02",81,"m^2"); 
  
INSERT INTO `Utilizzo` (`codiceLottoMateriale`,`nomeMateriale`,`tipologiaLavoro`)
VALUES  
  (1,"mattoni","fondamenta"),
  (2,"vetro","opere di finitura"),
  (3,"intonaco","opere di finitura"),
  (4,"cemento","fondamenta"),
  (5,"intonaco","rifacimento dell'intonaco"),
  (6,"piastrelle","rifacimento di pavimentazione"),
  (7,"marmo","opere di finitura"),
  (8,"intonaco","opere di finitura"),
  (9,"marmo","opere di finitura"),
  (10,"marmo","opere di finitura"),
  (11,"piastrelle","copertura"),
  (12,"intonaco","opere di finitura"),
  (13,"legno","copertura"),
  (14,"pietre","costruzione di strutture verticali"),
  (15,"pietre","costruzione di strutture verticali"),
  (16,"cemento","fondamenta"),
  (17,"legno","copertura"),
  (18,"stucco","fondamenta"),
  (19,"cemento","fondamenta"),
  (20,"marmo","opere di finitura"),
  (21,"stucco","fondamenta"),
  (22,"legno","opere di finitura"),
  (23,"legno","opere di finitura"),
  (24,"vetro","copertura"),
  (25,"intonaco","opere di finitura"),
  (26,"mattoni","copertura"),
  (27,"pietre","rifacimento di pavimentazione"),
  (28,"intonaco","rifacimento dell'intonaco"),
  (29,"stucco","fondamenta"),
  (30,"vetro","opere di finitura"),
  (31,"vetro","copertura"),
  (32,"stucco","fondamenta"),
  (33,"vetro","opere di finitura"),
  (34,"pietre","rifacimento di pavimentazione"),
  (35,"legno","opere di finitura"),
  (36,"marmo","opere di finitura"),
  (37,"mattoni","fondamenta"),
  (38,"piastrelle","copertura"),
  (39,"mattoni","fondamenta"),
  (40,"vetro","copertura"),
  (41,"legno","copertura"),
  (42,"pietre","fondamenta"),
  (43,"stucco","costruzione di strutture verticali"),
  (44,"marmo","opere di finitura"),
  (45,"stucco","fondamenta"),
  (46,"cemento","costruzione di strutture verticali"),
  (47,"vetro","opere di finitura"),
  (48,"legno","copertura"),
  (49,"mattoni","costruzione di strutture verticali"),
  (50,"marmo","copertura"),
  (51,"stucco","costruzione di strutture verticali"),
  (52,"stucco","costruzione di strutture verticali"),
  (53,"piastrelle","costruzione di strutture verticali"),
  (54,"mattoni","costruzione di strutture verticali"),
  (55,"mattoni","costruzione di strutture verticali"),
  (56,"piastrelle","costruzione di strutture verticali"),
  (57,"vetro","opere di finitura"); 
  
INSERT INTO `Stadio` (`codiceProgettoEdilizio`,`dataInizio`,`dataFineStimata`)
VALUES
  (1,"2020-02-05","2020-04-18"),
  (2,"2022-02-12","2022-06-07"),
  (3,"2019-04-15","2019-05-01"),
  (4,"2020-05-19","2020-08-06"),
  (5,"2021-10-12","2022-01-07"),
  (6,"2021-11-06","2022-02-01"),
  (7,"2018-08-03","2019-03-12"),
  (8,"2020-08-17","2020-10-22"),
  (9,"2022-05-05","2022-08-01"),
  (10,"2020-02-13","2020-02-25"),
  (11,"2019-05-09","2020-01-13"),
  (12,"2022-03-25","2022-04-01"), 
  (1,"2020-04-18","2021-04-18"),
  (2,"2022-06-12","2022-08-07"),
  (3,"2019-05-15","2019-07-01"),
  (4,"2020-08-19","2020-12-06"),
  (5,"2021-01-12","2022-10-07"),
  (6,"2021-02-06","2022-04-01"),
  (7,"2019-03-13","2019-06-12"),
  (8,"2020-10-27","2020-12-22"),
  (9,"2022-08-05","2023-08-01"),
  (10,"2020-02-26","2020-03-02"),
  (11,"2020-01-19","2020-03-13"),
  (12,"2022-03-01","2022-04-13"); 
  
INSERT INTO `Svolgimento` (`codiceProgettoEdilizio`,`dataInizioStadio`,`dataFineStimataStadio`,`tipologiaLavoro`)
VALUES  
  (1,"2020-02-05","2020-04-18","scavo"),
  (1,"2020-02-05","2020-04-18","fondamenta"),
  (1,"2020-02-05","2020-04-18","costruzione di strutture verticali"),
  (2,"2022-02-12","2022-06-07","scavo"),
  (2,"2022-02-12","2022-06-07","fondamenta"),
  (2,"2022-02-12","2022-06-07","costruzione di strutture verticali"),
  (3,"2019-04-15","2019-05-01","scavo"),
  (3,"2019-04-15","2019-05-01","fondamenta"),
  (3,"2019-04-15","2019-05-01","costruzione di strutture verticali"),
  (4,"2020-05-19","2020-08-06","scavo"),
  (4,"2020-05-19","2020-08-06","fondamenta"),
  (4,"2020-05-19","2020-08-06","costruzione di strutture verticali"),
  (5,"2021-10-12","2022-01-07","scavo"),
  (5,"2021-10-12","2022-01-07","fondamenta"),
  (5,"2021-10-12","2022-01-07","costruzione di strutture verticali"),
  (6,"2021-11-06","2022-02-01","scavo"),
  (6,"2021-11-06","2022-02-01","fondamenta"),
  (6,"2021-11-06","2022-02-01","costruzione di strutture verticali"),
  (7,"2018-08-03","2019-03-12","scavo"),
  (7,"2018-08-03","2019-03-12","fondamenta"),
  (7,"2018-08-03","2019-03-12","costruzione di strutture verticali"),
  (8,"2020-08-17","2020-10-22","scavo"),
  (8,"2020-08-17","2020-10-22","fondamenta"),
  (8,"2020-08-17","2020-10-22","costruzione di strutture verticali"),
  (9,"2022-05-05","2022-08-01","rifacimento di pavimentazione"),
  (10,"2020-02-13","2020-02-25","manutenzione di impianti"),
  (11,"2019-05-09","2020-01-13","rifacimento dell'intonaco"),
  (12,"2022-03-25","2022-04-01","scavo"), 
  (12,"2022-03-25","2022-04-01","fondamenta"), 
  (12,"2022-03-25","2022-04-01","costruzione di strutture verticali"), 
  (1,"2020-04-18","2021-04-18","copertura"),
  (1,"2020-04-18","2021-04-18","costruzione di impianti"),
  (1,"2020-04-18","2021-04-18","opere di finitura"),
  (2,"2022-06-12","2022-08-07","copertura"),
  (2,"2022-06-12","2022-08-07","costruzione di impianti"),
  (2,"2022-06-12","2022-08-07","opere di finitura"),
  (3,"2019-05-15","2019-07-01","copertura"),
  (3,"2019-05-15","2019-07-01","costruzione di impianti"),
  (3,"2019-05-15","2019-07-01","opere di finitura"),
  (4,"2020-08-19","2020-12-06","copertura"),
  (4,"2020-08-19","2020-12-06","costruzione di impianti"),
  (4,"2020-08-19","2020-12-06","opere di finitura"),
  (5,"2021-01-12","2022-10-07","copertura"),
  (5,"2021-01-12","2022-10-07","costruzione di impianti"),
  (5,"2021-01-12","2022-10-07","opere di finitura"),
  (6,"2021-02-06","2022-04-01","copertura"),
  (6,"2021-02-06","2022-04-01","costruzione di impianti"),
  (6,"2021-02-06","2022-04-01","opere di finitura"),
  (7,"2019-03-13","2019-06-12","copertura"),
  (7,"2019-03-13","2019-06-12","opere di finitura"),
  (7,"2019-03-13","2019-06-12","costruzione di impianti"),
  (8,"2020-10-27","2020-12-22","copertura"),
  (8,"2020-10-27","2020-12-22","opere di finitura"),
  (8,"2020-10-27","2020-12-22","costruzione di impianti"),
  (9,"2022-08-05","2023-08-01","rifacimento di pavimentazione"),
  (10,"2020-02-26","2020-03-02","manutenzione di impianti"),
  (11,"2020-01-19","2020-03-13","rifacimento dell'intonaco"),
  (12,"2022-03-01","2022-04-13","copertura"),
  (12,"2022-03-01","2022-04-13","opere di finitura"),
  (12,"2022-03-01","2022-04-13","costruzione di impianti"); 
  
INSERT INTO `Turno` (`codiceProgettoEdilizio`,`dataInizioStadio`,`dataFineStimataStadio`,`numeroMaxLavoratori`,`giorniSettimana`,`orarioLavoro`)
VALUES
  (1,"2020-02-05","2020-04-18",20,"1-3-5","8-20"),
  (1,"2020-02-05","2020-04-18",20,"2-4-6","8-20"),
  (2,"2022-02-12","2022-06-07",20,"1-3-5","8-20"),
  (2,"2022-02-12","2022-06-07",20,"2-4-6","8-20"),
  (3,"2019-04-15","2019-05-01",20,"1-3-5","8-20"),
  (3,"2019-04-15","2019-05-01",20,"2-4-6","8-20"),
  (4,"2020-05-19","2020-08-06",20,"1-3-5","8-20"),
  (4,"2020-05-19","2020-08-06",20,"2-4-6","8-20"),
  (5,"2021-10-12","2022-01-07",20,"1-3-5","8-20"),
  (5,"2021-10-12","2022-01-07",20,"2-4-6","8-20"),
  (6,"2021-11-06","2022-02-01",20,"1-3-5","8-20"),
  (6,"2021-11-06","2022-02-01",20,"2-4-6","8-20"),
  (7,"2018-08-03","2019-03-12",20,"1-3-5","8-20"),
  (7,"2018-08-03","2019-03-12",20,"2-4-6","8-20"),
  (8,"2020-08-17","2020-10-22",20,"1-3-5","8-20"),
  (8,"2020-08-17","2020-10-22",20,"2-4-6","8-20"),
  (9,"2022-05-05","2022-08-01",20,"1-3-5","8-20"),
  (9,"2022-05-05","2022-08-01",20,"2-4-6","8-20"),
  (10,"2020-02-13","2020-02-25",20,"1-3-5","8-20"),
  (10,"2020-02-13","2020-02-25",20,"2-4-6","8-20"),
  (11,"2019-05-09","2020-01-13",20,"1-3-5","8-20"),
  (11,"2019-05-09","2020-01-13",20,"2-4-6","8-20"),
  (12,"2022-03-25","2022-04-01",20,"1-3-5","8-20"),
  (12,"2022-03-25","2022-04-01",20,"2-4-6","8-20"),
  (1,"2020-04-18","2021-04-18",20,"1-3-5","8-20"),
  (1,"2020-04-18","2021-04-18",20,"2-4-6","8-20"),
  (2,"2022-06-12","2022-08-07",20,"1-3-5","8-20"),
  (2,"2022-06-12","2022-08-07",20,"2-4-6","8-20"),
  (3,"2019-05-15","2019-07-01",20,"1-3-5","8-20"),
  (3,"2019-05-15","2019-07-01",20,"2-4-6","8-20"),
  (4,"2020-08-19","2020-12-06",20,"1-3-5","8-20"),
  (4,"2020-08-19","2020-12-06",20,"2-4-6","8-20"),
  (5,"2021-01-12","2022-10-07",20,"1-3-5","8-20"),
  (5,"2021-01-12","2022-10-07",20,"2-4-6","8-20"),
  (6,"2021-02-06","2022-04-01",20,"1-3-5","8-20"),
  (6,"2021-02-06","2022-04-01",20,"2-4-6","8-20"),
  (7,"2019-03-13","2019-06-12",20,"1-3-5","8-20"),
  (7,"2019-03-13","2019-06-12",20,"2-4-6","8-20"),
  (8,"2020-10-27","2020-12-22",20,"1-3-5","8-20"),
  (8,"2020-10-27","2020-12-22",20,"2-4-6","8-20"),
  (9,"2022-08-05","2023-08-01",20,"1-3-5","8-20"),
  (9,"2022-08-05","2023-08-01",20,"2-4-6","8-20"),
  (10,"2020-02-26","2020-03-02",20,"1-3-5","8-20"),
  (10,"2020-02-26","2020-03-02",20,"2-4-6","8-20"),
  (11,"2020-01-19","2020-03-13",20,"1-3-5","8-20"),
  (11,"2020-01-19","2020-03-13",20,"2-4-6","8-20"),
  (12,"2022-03-01","2022-04-13",20,"1-3-5","8-20"), 
  (12,"2022-03-01","2022-04-13",20,"2-4-6","8-20");  
  
INSERT INTO `CapoCantiere` (`codice`,`numeroMaxLavoratori`)
VALUES  
	(1,20),
    (2,20),
    (3,25),
    (4,25),
    (5,20),
    (6,30),
    (7,30),
    (8,25);
    
INSERT INTO `Supervisione` (`codiceCapoCantiere`,`codiceProgettoEdilizio`,`dataInizioStadio`,`dataFineStimataStadio`,`numeroMaxLavoratori`,`giorniSettimana`,`orarioLavoro`)
VALUES
  (1,1,"2020-02-05","2020-04-18",20,"1-3-5","8-20"),
  (2,1,"2020-02-05","2020-04-18",20,"2-4-6","8-20"),
  (3,2,"2022-02-12","2022-06-07",20,"1-3-5","8-20"),
  (4,2,"2022-02-12","2022-06-07",20,"2-4-6","8-20"),
  (5,3,"2019-04-15","2019-05-01",20,"1-3-5","8-20"),
  (6,3,"2019-04-15","2019-05-01",20,"2-4-6","8-20"),
  (7,4,"2020-05-19","2020-08-06",20,"1-3-5","8-20"),
  (8,4,"2020-05-19","2020-08-06",20,"2-4-6","8-20"),
  (1,5,"2021-10-12","2022-01-07",20,"1-3-5","8-20"),
  (2,5,"2021-10-12","2022-01-07",20,"2-4-6","8-20"),
  (3,6,"2021-11-06","2022-02-01",20,"1-3-5","8-20"),
  (4,6,"2021-11-06","2022-02-01",20,"2-4-6","8-20"),
  (5,7,"2018-08-03","2019-03-12",20,"1-3-5","8-20"),
  (6,7,"2018-08-03","2019-03-12",20,"2-4-6","8-20"),
  (7,8,"2020-08-17","2020-10-22",20,"1-3-5","8-20"),
  (8,8,"2020-08-17","2020-10-22",20,"2-4-6","8-20"),
  (8,9,"2022-05-05","2022-08-01",20,"1-3-5","8-20"),
  (7,9,"2022-05-05","2022-08-01",20,"2-4-6","8-20"),
  (6,10,"2020-02-13","2020-02-25",20,"1-3-5","8-20"),
  (5,10,"2020-02-13","2020-02-25",20,"2-4-6","8-20"),
  (4,11,"2019-05-09","2020-01-13",20,"1-3-5","8-20"),
  (3,11,"2019-05-09","2020-01-13",20,"2-4-6","8-20"),
  (2,12,"2022-03-25","2022-04-01",20,"1-3-5","8-20"),
  (1,12,"2022-03-25","2022-04-01",20,"2-4-6","8-20"),
  (8,1,"2020-04-18","2021-04-18",20,"1-3-5","8-20"),
  (7,1,"2020-04-18","2021-04-18",20,"2-4-6","8-20"),
  (2,2,"2022-06-12","2022-08-07",20,"1-3-5","8-20"),
  (6,2,"2022-06-12","2022-08-07",20,"2-4-6","8-20"),
  (5,3,"2019-05-15","2019-07-01",20,"1-3-5","8-20"),
  (2,3,"2019-05-15","2019-07-01",20,"2-4-6","8-20"),
  (4,4,"2020-08-19","2020-12-06",20,"1-3-5","8-20"),
  (3,4,"2020-08-19","2020-12-06",20,"2-4-6","8-20"),
  (2,5,"2021-01-12","2022-10-07",20,"1-3-5","8-20"),
  (1,5,"2021-01-12","2022-10-07",20,"2-4-6","8-20"),
  (1,6,"2021-02-06","2022-04-01",20,"1-3-5","8-20"),
  (2,6,"2021-02-06","2022-04-01",20,"2-4-6","8-20"),
  (3,7,"2019-03-13","2019-06-12",20,"1-3-5","8-20"),
  (4,7,"2019-03-13","2019-06-12",20,"2-4-6","8-20"),
  (5,8,"2020-10-27","2020-12-22",20,"1-3-5","8-20"),
  (6,8,"2020-10-27","2020-12-22",20,"2-4-6","8-20"),
  (7,9,"2022-08-05","2023-08-01",20,"1-3-5","8-20"),
  (8,9,"2022-08-05","2023-08-01",20,"2-4-6","8-20"),
  (1,10,"2020-02-26","2020-03-02",20,"1-3-5","8-20"),
  (2,10,"2020-02-26","2020-03-02",20,"2-4-6","8-20"),
  (3,11,"2020-01-19","2020-03-13",20,"1-3-5","8-20"),
  (4,11,"2020-01-19","2020-03-13",20,"2-4-6","8-20"),
  (5,12,"2022-03-01","2022-04-13",20,"1-3-5","8-20"), 
  (6,12,"2022-03-01","2022-04-13",20,"2-4-6","8-20");   
  
INSERT INTO `Lavoratore` (`codice`)
VALUES
  (1),
  (2),
  (3),
  (4),
  (5),
  (6),
  (7),
  (8),
  (9),
  (10),
  (11),
  (12),
  (13),
  (14),
  (15),
  (16),
  (17),
  (18),
  (19),
  (20),
  (21),
  (22),
  (23),
  (24),
  (25),
  (26),
  (27),
  (28),
  (29),
  (30),
  (31),
  (32),
  (33),
  (34),
  (35),
  (36),
  (37),
  (38),
  (39),
  (40),
  (41),
  (42),
  (43),
  (44),
  (45),
  (46),
  (47),
  (48),
  (49),
  (50),
  (51),
  (52),
  (53),
  (54),
  (55),
  (56),
  (57),
  (58),
  (59),
  (60),
  (61),
  (62),
  (63),
  (64),
  (65),
  (66),
  (67),
  (68),
  (69),
  (70),
  (71),
  (72),
  (73),
  (74),
  (75),
  (76),
  (77),
  (78),
  (79),
  (80),
  (81),
  (82),
  (83),
  (84),
  (85),
  (86),
  (87),
  (88),
  (89),
  (90),
  (91),
  (92),
  (93),
  (94),
  (95),
  (96),
  (97),
  (98),
  (99),
  (100);  
  
INSERT INTO `Direzione` (`codiceLavoratore`,`codiceCapoCantiere`)
VALUES
  (1,7),
  (2,8),
  (3,3),
  (4,2),
  (5,4),
  (6,5),
  (7,3),
  (8,5),
  (9,4),
  (10,5),
  (11,5),
  (12,3),
  (13,3),
  (14,6),
  (15,1),
  (16,7),
  (17,2),
  (18,7),
  (19,1),
  (20,6),
  (21,5),
  (22,6),
  (23,7),
  (24,5),
  (25,4),
  (26,2),
  (27,3),
  (28,4),
  (29,6),
  (30,3),
  (31,5),
  (32,8),
  (33,8),
  (34,4),
  (35,7),
  (36,5),
  (37,3),
  (38,5),
  (39,4),
  (40,4),
  (41,4),
  (42,2),
  (43,5),
  (44,8),
  (45,2),
  (46,2),
  (47,7),
  (48,2),
  (49,3),
  (50,3),
  (51,5),
  (52,6),
  (53,6),
  (54,7),
  (55,2),
  (56,8),
  (57,1),
  (58,1),
  (59,3),
  (60,1),
  (61,3),
  (62,3),
  (63,2),
  (64,8),
  (65,7),
  (66,1),
  (67,5),
  (68,4),
  (69,6),
  (70,7),
  (71,6),
  (72,4),
  (73,8),
  (74,8),
  (75,6),
  (76,7),
  (77,1),
  (78,5),
  (79,5),
  (80,4),
  (81,3),
  (82,1),
  (83,7),
  (84,5),
  (85,6),
  (86,5),
  (87,4),
  (88,6),
  (89,8),
  (90,8),
  (91,3),
  (92,6),
  (93,4),
  (94,6),
  (95,8),
  (96,3),
  (97,2),
  (98,1),
  (99,6),
  (100,3);
  
INSERT INTO `Sensore` (`grandezza`,`valoreMisurato`)
VALUES 
  ("accelerazione",1.5),
  ("velocità",3.5),
  ("velocità angolare",0.5),
  ("umidità",60),
  ("temperatura",32),
  ("velocità angolare",0.7),
  ("precipitazioni",120),
  ("precipitazioni",30),
  ("posizione",1.3),
  ("accelerazione",1.7),
  ("temperatura",28),
  ("posizione",1.5),
  ("temperatura",31),
  ("velocità",1.8);
  
INSERT INTO `Registrazione` (`tipologia`,`timestamp`)
VALUES
  ("continuo",1636253529000),
  ("intervalli regolari",1622720117000),
  ("continuo",1643123121000),
  ("intervalli regolari",1638231756000),
  ("intervalli regolari",1641970840000),
  ("continuo",1632817778000),
  ("continuo",1620034291000),
  ("continuo",1620083758000),
  ("intervalli regolari",1605401044000),
  ("intervalli regolari",1603448819000),
  ("intervalli regolari",1608428657000),
  ("intervalli regolari",1652117037000),
  ("intervalli regolari",1609149884000),
  ("intervalli regolari",1612623908000),
  ("intervalli regolari",1629692630000),
  ("continuo",1618007529000),
  ("intervalli regolari",1604957301000),
  ("intervalli regolari",1643058034000),
  ("continuo",1645710296000),
  ("continuo",1623231850000),
  ("continuo",1626486478000),
  ("continuo",1646244839000),
  ("continuo",1628818372000),
  ("intervalli regolari",1611301644000),
  ("continuo",1637124085000),
  ("continuo",1656913503000),
  ("continuo",1640622381000),
  ("intervalli regolari",1655978592000),
  ("intervalli regolari",1603099249000),
  ("intervalli regolari",1648286009000),
  ("continuo",1630124848000),
  ("intervalli regolari",1602367225000),
  ("continuo",1659827178000),
  ("intervalli regolari",1604253738000),
  ("intervalli regolari",1606220325000),
  ("continuo",1635525128000),
  ("intervalli regolari",1638802841000),
  ("continuo",1611250179000),
  ("intervalli regolari",1652393438000),
  ("continuo",1654101407000);    
    
INSERT INTO `Memorizzazione` (`tipologiaRegistrazione`,`timestampRegistrazione`,`grandezzaSensore`,`valoreMisurato`)
VALUES
  ("continuo",1636253529000,"umidità",60),
  ("intervalli regolari",1622720117000,"temperatura",32),
  ("continuo",1643123121000,"precipitazioni",120),
  ("intervalli regolari",1638231756000,"umidità",60),
  ("intervalli regolari",1641970840000,"umidità",60),
  ("continuo",1632817778000,"precipitazioni",30),
  ("continuo",1620034291000,"accelerazione",1.5),
  ("continuo",1620083758000,"temperatura",28),
  ("intervalli regolari",1605401044000,"umidità",60),
  ("intervalli regolari",1603448819000,"accelerazione",1.7),
  ("intervalli regolari",1608428657000,"umidità",60),
  ("intervalli regolari",1652117037000,"velocità",3.5),
  ("intervalli regolari",1609149884000,"umidità",60),
  ("intervalli regolari",1612623908000,"velocità angolare",0.5),
  ("intervalli regolari",1629692630000,"velocità angolare",0.7),
  ("continuo",1618007529000,"temperatura",32),
  ("intervalli regolari",1604957301000,"posizione",1.5),
  ("intervalli regolari",1643058034000,"temperatura",31),
  ("continuo",1645710296000,"posizione",1.3),
  ("continuo",1623231850000,"velocità",1.8),
  ("continuo",1626486478000,"posizione",1.5),
  ("continuo",1646244839000,"velocità angolare",0.7),
  ("continuo",1628818372000,"umidità",60),
  ("intervalli regolari",1611301644000,"posizione",1.5),
  ("continuo",1637124085000,"posizione",1.5),
  ("continuo",1656913503000,"precipitazioni",120),
  ("continuo",1640622381000,"posizione",1.3),
  ("intervalli regolari",1655978592000,"velocità angolare",0.5),
  ("intervalli regolari",1603099249000,"temperatura",32),
  ("intervalli regolari",1648286009000,"umidità",60),
  ("continuo",1630124848000,"precipitazioni",30),
  ("intervalli regolari",1602367225000,"temperatura",28),
  ("continuo",1659827178000,"posizione",1.5),
  ("intervalli regolari",1604253738000,"velocità angolare",0.5),
  ("intervalli regolari",1606220325000,"umidità",60),
  ("continuo",1635525128000,"precipitazioni",120),
  ("intervalli regolari",1638802841000,"umidità",60),
  ("continuo",1611250179000,"accelerazione",1.7),
  ("intervalli regolari",1652393438000,"accelerazione",1.5),
  ("continuo",1654101407000,"temperatura",31);   
  
INSERT INTO `Alert` (`timestamp`)
VALUES
  (0),
  (1641376978000),
  (1636582039000),
  (1642202636000),
  (1637589880000); 
  
INSERT INTO `Locazione` (`codiceElemento`,`grandezzaSensore`,`timestampAlert`,`sogliaSicurezza`,`valoreMisurato`)
VALUES
  (76,"accelerazione",0,2,1.5),
  (84,"velocità",1641376978000,3,3.5),
  (195,"velocità angolare",0,1,0.5),
  (164,"velocità angolare",0,1,0.5),
  (26,"umidità",0,90,60),
  (86,"temperatura",0,45,32),
  (38,"velocità angolare",0,1.2,0.7),
  (36,"precipitazioni",1636582039000,100,120),
  (240,"precipitazioni",0,100,30),
  (103,"posizione",1642202636000,1,1.3),
  (181,"accelerazione",0,2,1.7),
  (179,"temperatura",0,50,28),
  (12,"posizione",1637589880000,1,1.5),
  (140,"temperatura",0,45,31),
  (65,"velocità",0,2,1.8); 
  
INSERT INTO `Calamita` (`tipo`,`dataAccadimento`)
VALUES
	("sisma","2020-08-23"),
    ("sisma","2019-10-23"),
    ("esondazione","2021-02-05"),
    ("detonazione","2022-01-21");
    
INSERT INTO `Danno` (`tipo`,`entitaDanno`)
VALUES
	("crollo",1),
    ("crepa",3),
    ("cedimento",5),
    ("allagamento",2),
	("crollo",4),
    ("crepa",1),
    ("cedimento",1),
    ("cedimento",4),
    ("cedimento",3),
    ("crepa",5),
    ("allagamento",4); 
   
INSERT INTO `Manifestazione` (`nomeAreaGeografica`,`tipoCalamita`,`livelloGravita`,`dataAccadimento`)
VALUES
	("Empoli","sisma",2,"2020-08-23"),
    ("Firenze","esondazione",3,"2021-02-05"),
    ("Pisa","detonazione",2,"2022-01-21"),
    ("Firenze","sisma",3,"2019-10-23");
    
INSERT INTO `Subire` (`tipoDanno`,`codiceElemento`,`entitaDanno`)
VALUES
	("crollo",45,1),
    ("crepa",5,3),
    ("cedimento",88,5),
    ("allagamento",3,2),
	("crollo",135,4),
    ("crepa",56,1),
    ("cedimento",1,1),
    ("allagamento",52,2),
	("crollo",49,4),
    ("crepa",146,3),
    ("cedimento",120,4),
    ("allagamento",136,2),
	("crollo",153,1),
    ("crepa",172,3),
    ("cedimento",240,3),
    ("allagamento",182,2),
	("crollo",230,1),
    ("crepa",205,5),
    ("cedimento",174,3),
    ("allagamento",238,4);    
    
  